Hotel Name (English),Hotel Name (Arabic),City,License Number,Classification,Status,Hotel ID
Dar Al Iman InterContinental,فندق دار الايمان انتركونتنتال,Madinah,1988,2-Star,Active,219338
Mysk Albalad Rawafed,شركة البلد روافد الفندقية,Madinah,10002215,3-Star,Active,230278
Mira Mar Hotel,فندق ميرا مار الفندقية,Madinah,10002161,1-Star,Active,269340
Hasanah suites,شقق أجنحة حسنة للشقق المخدومة,Madinah,10002000,2-Star,Active,254995
Odest Hotel,فندق اوديست المدينة,Madinah,10001866,Unclassified/Other,Active,235749
nusl hotel company,شركة فندق نسك المدينة المحدودة,Madinah,10000988,1-Star,Active,239197
Nour Al Raqia for Serviced Apartments,شقق نور الراقية للوحدات السكنية,Madinah,10001835,2-Star,Active,259361
Nada Alsalam Hotel,فندق ندى السلام الفندقية,Madinah,10002329,1-Star,Active,274138
TAIF ALNEBRAS HOTEL,فندق طيف النبراس الفندقية,Madinah,10002279,Unclassified/Other,Active,287499
amal abdullazez,شقق مسكن الجواد للشقق المخدومة,Madinah,10001284,Code 27,Active,301475
manazil alrahma hotel,فندق منازل الرحمة الفندقية,Madinah,10002137,Unclassified/Other,Active,289295
Hayah Grand Hotel,فندق حياة جراند,Madinah,10001329,Unclassified/Other,Active,290055
ALZAHRA ALRAQI HOTEL,فندق الزهراء الراقي للايواء السياحي,Madinah,10001821,Unclassified/Other,Active,292235
Golden Falah Homes Hotel,فندق منازل الفلاح الذهبي الفندقية,Madinah,10001735,Unclassified/Other,Active,259315
GRAND SAFI HOTEL,جراند الصافي,Madinah,10002298,1-Star,Active,235835
Maghreb Hotel,فندق المغاربي للشقق الفندقية,Madinah,10001433,2-Star,Active,242930
HOTEL THREE POINT ALKAWTHER,فندق ثلاثة نقاط الكوثر,Madinah,10001761,Unclassified/Other,Active,235880
BOSPHORUS HOTELS,فندق البسفور(1),Madinah,10001335,3-Star,Active,235826
funduq luluat almadina Company Hotel,شركة فندق لؤلؤة المدينة الفندقية,Madinah,10002268,1-Star,Active,289275
HUDA TAIBAH HOTEL,فندق هدى طيبة الفندقية,Madinah,10001640,Unclassified/Other,Active,287452
HOTEL AL-ANDALUS AL-MASI,فندق الاندلس الماسي,Madinah,10001907,Unclassified/Other,Active,235830
Rabwat Al Safwa Golden Hotel Services Company,شركة ربوة الصفوة الذهبي للخدمات الفندقيه,Madinah,10002152,1-Star,Active,225006
Maden Al Rawda Hotel,شركة مادن الروضة للخدمات الفندقيه,Madinah,10001362,Unclassified/Other,Active,254955
artal taibah hotel,فندق ارتال طيبة,Madinah,10000526,1-Star,Active,235883
aboaljoud,فندق حياة الذهبي الفندقية,Madinah,10001333,Unclassified/Other,Active,286801
MIRAGE TIBA HOTEL,فندق مراج طيبة الفندقية,Madinah,10002031,1-Star,Active,235825
Tabah Towers Limited Company,شركة أبراج طابة المحدودة (شركة شخص واحد),Madinah,10001834,Unclassified/Other,Active,254975
Platinum First Hotel,فندق بلاتينيوم الاولى الفندقية,Madinah,10000739,1-Star,Active,258995
Al Dar Hotel,فندق الدار روافد الفندقية,Madinah,10000787,3-Star,Active,238827
Le Meridien Medina Hotel,فندق المدينة مريديان,Madinah,10000954,1-Star,Active,291235
Alzahraa Hotel,فندق الزهراء,Madinah,10002284,1-Star,Active,235897
Jood al makan serviced apartments,شقق جود المكان للشقق المخدومة,Madinah,10001674,2-Star,Active,269835
WINNER INN ALKHIER HOTEL,فندق وينر إن آلخير,Madinah,10001670,3-Star,Active,239175
Dar Al Ajyal,فندق دار الاجيآل الفندقية,Madinah,10002006,1-Star,Active,289115
Rua Al Hijrah Hotel Services Company,شركة رؤى الهجرة للخدمات الفندقية,Madinah,10002136,2-Star,Active,239
Rua Al Hijrah Hotel Services Company,شركة رؤى الهجرة للخدمات الفندقية,Madinah,10002136,1-Star,Active,235760
AL MOKHTARA GOLDEN HOTEL,فندق المختارة الذهبي فرع شركة منازل المختارة التجارية,Madinah,10002245,Unclassified/Other,Active,258775
Millennium Alaqeeq Company,شركة ميلينيوم العقيق,Madinah,10000755,4-Star,Active,248757
Mohammadia Alzahraa Hotel,فندق محمدية الزهراء الفندقية,Madinah,10001716,1-Star,Active,230901
TAIBA FRONT HOTEL,شركة واجهة طيبة الفندقية,Madinah,10001622,3-Star,Active,241464
Manazel Al Taqwa Hotel,فندق منازل التقوى الفندقية,Madinah,10002289,1-Star,Active,258716
shaqaq al'ansar bilus For serviced apartments,شقق الأنصار بلس للشقق المخدومة,Madinah,10002214,2-Star,Active,258737
Manazil Alaswaf Hotel,فندق منازل الاسواف,Madinah,10002242,1-Star,Active,227826
MADEN HOTEL,شركة مادن للخدمات الفندقية,Madinah,10001387,4-Star,Active,235796
ZAMZAM PULLMAN AMDINA HOTEL,فندق زمزم بولمان المدينة,Madinah,10001808,Unclassified/Other,Active,235841
Manazel Al Marjan Hotel Madinah Hotel,شركة منازل المرجان المدينة للخدمات الفندقية,Madinah,10010730,1-Star,Active,257082
Three Points Hotel Company,شركة نقاط ثلاثة الرضا الفندقية,Madinah,10002022,Unclassified/Other,Active,287498
Dallah Taibah Hotel,شركة دله للفنادق والمنتجعات السياحيه فندق دلة طيبة,Madinah,10001873,4-Star,Active,226985
Narsyan Taiba Apartments for Residential Units,شقق نرسيان طيبة للوحدات السكنية,Madinah,10001874,2-Star,Active,255016
Baraa Taiba Hotel,فندق براء طيبة الفندقية,Madinah,10002145,Unclassified/Other,Active,289256
Millennium Taiba Company,شركة ميلينيوم طيبة,Madinah,10000792,4-Star,Active,249216
Green Oasis Hotel Company,شركة الواحة الخضراء الفندقية شركة شخص واحد,Madinah,10000617,1-Star,Active,256417
ROYA AL ANDALUS COMPANY,شركة رؤيا الأندلس لتشغيل الفنادق شخص واحد,Madinah,10001560,2-Star,Active,234952
Tiba Rose Hotel,فندق طيبة روز,Madinah,10002235,Unclassified/Other,Active,235744
HOTEL THREE POINT ALAMEEN,نقاط ثلاثة الامين الفندقية,Madinah,10002211,1-Star,Active,235813
GOLDEN ERGWAN HOTEL,فندق ارجوان الذهبي,Madinah,10001767,Unclassified/Other,Active,287515
Riyad Alzahraa Hotel,فندق رياض الزهراء الفندقية,Madinah,10001868,1-Star,Active,239135
Crowne Plaza Madinah,فندق كراون بلازا المدينة,Madinah,10002117,Unclassified/Other,Active,235742
AL SHAKREEN GOLDEN TULIP,فندق الشاكرين جولدن توليب الفندقية,Madinah,10001493,3-Star,Active,228406
njoom al madina,فندق نجوم المدينة الفندقية,Madinah,10002220,Unclassified/Other,Active,291180
Arjwan Alsalam Hotel,فندق ارجوان السلام,Madinah,10001637,Unclassified/Other,Active,235839
Sukoon Hotel,فندق سكون,Madinah,10002089,Unclassified/Other,Active,234495
gelnar alraqi,فندق جلنار الراقي للايواء السياحي,Madinah,10000801,Unclassified/Other,Active,254455
muasasat nazal nida' tiibat almasi lilnazal alsiya,مؤسسة نزل نداء طيبة الماسي للنزل السياحيه,Madinah,10010589,Unclassified/Other,Active,239359
ALKARAR ALDAHABI TOURIST HOSTEL,نزل الكرار الذهبي للنزل السياحي,Madinah,10010966,Unclassified/Other,Active,288056
ALANDALUS ALMADINAH HOTEL,شركة الاندلس لصيانة وادارة وتشغيل الفنادق والقصور السكنيه,Madinah,10010964,1-Star,Active,288035
Shams Al Madinah Hotel Co,شركة شمس المدينة المحدودة,Madinah,10011211,1-Star,Active,290355
Karam Al Saada Hotel Hotel,فندق كرم السعادة الفندقية,Madinah,10011207,1-Star,Active,290115
Emaar Rsoukh Hotel,شركة إعمار رسوخ الفندقية,Madinah,10011245,1-Star,Active,291319
Royal Almadinah Hotel,فندق رويال المدينة,Madinah,10002351,1-Star,Active,267647
JUD Al-Marjan Hotel,شركة جود المرجان لتشغيل الفنادق,Madinah,10010817,1-Star,Active,271477
Al Majd Al alfidiy Hotel,فندق المجد الفضي الفندقية,Madinah,10010810,1-Star,Active,266465
Ruya Alandalus Company,شركة رؤيا الأندلس,Madinah,10012346,Code 27,Active,299118
Hayah Alhuda hotel,شركة ابو الجود للتشغيل والصيانة,Madinah,10002610,Unclassified/Other,Active,288075
Rukn ilaf Quba Serviced Apartment Est,مؤسسة شقق ركن إيلاف قباء المخدومة,Madinah,10010946,Unclassified/Other,Active,287875
Rose Holiday (2),شركة روز هوليداي للضيافة السياحي,Madinah,10011221,1-Star,Active,292346
alAjyal ithnan Hostel For tourist lodges,نزل الأجيال اثنان للنزل السياحيه,Madinah,10011217,Unclassified/Other,Active,290075
maskan shahad Hostel For tourist lodges,نزل مسكن شهد للنزل السياحيه,Madinah,10011465,Unclassified/Other,Active,292590
majd taybah aldhahabi Hotel For Hotel Apartments,فندق مجد طيبة الذهبي للشقق الفندقية,Madinah,10011095,2-Star,Active,289575
Wafud Hotel For Hotel Services Establishment,مؤسسة فندق وفود للخدمات الفندقيه,Madinah,10011314,1-Star,Active,292676
FAJR AL MUDN HOTEL,فندق فجر المدن,Madinah,10012982,1-Star,Active,302016
AlRihab AlSafi Hostel For Tourist Accommodation,نزل الرحاب الصافي للايواء السياحي,Madinah,10012980,Unclassified/Other,Active,302275
DIYAR ALAWS HOTEL,شركة ديار الاوس لتشغيل الفنادق,Madinah,10010807,1-Star,Active,268330
Diamond Lotus,شركة اللوتس الماسية,Madinah,10010978,Code 27,Active,300915
Roaya Alandalus,شركة رؤيا الأندلس لتشغيل الفنادق,Madinah,10010703,1-Star,Active,259958
sbal almasi Company,شركة سبال الماسي,Madinah,10011070,1-Star,Active,293889
HOTEL HAMUDAH ALMASI,فندق حمودة الماسي,Madinah,10011069,1-Star,Active,289257
Aaliyah AlDawadiyah Hotel Hotel,فندق عالية الدوادية الفندقية,Madinah,10011198,1-Star,Active,290095
TAJ WARD HOTEL Company,شركة فندق تاج ورد الفندقية,Madinah,10010892,1-Star,Active,271895
AlSafir AlSakani Establishment For tourist lodges,مؤسسة السفير السكني للنزل السياحيه,Madinah,10011953,Unclassified/Other,Active,293875
Wadiyar Al Madinah Travel and Tourism Company is o,شركة وديار المدينة للسفر والسياحة شخص واحد,Madinah,10010736,1-Star,Active,256435
Company rahat alubur,شركة راحه العبور,Madinah,10011127,1-Star,Active,289640
Establishment Bayat AlMadina,مؤسسة بيات المدينة,Madinah,10011171,2-Star,Active,290415
Alfakhama Aldahabi Hotel Company,شركة الفخامة الذهبي الفندقية,Madinah,10010770,1-Star,Active,259143
Elaf Hotel Company Elaf Taiba Hotel,شركة ايلاف للفنادق المحدودة فندق ايلاف طيبه,Madinah,10010763,4-Star,Active,287575
ALANDALUS PLAZA HOTEL,شركة الاندلس لصيانة وادارة وتشغيل الفنادق والقصور السكنيه,Madinah,10010982,1-Star,Active,288255
Aljawad Aladhim Hotel Hotel,فندق الجواد الأدهم الفندقية,Madinah,10011054,Unclassified/Other,Active,289258
Qamar Taybah Hostel For tourist lodges,نزل قمر طيبة للنزل السياحيه,Madinah,10011052,Unclassified/Other,Active,289095
Mabiet Taybah Serviced,شقق مبيت طيبة المخدومة,Madinah,10010657,2-Star,Active,269058
Atyaf Almasi Establishment Hotel,مؤسسة اطياف الماسي الفندقية,Madinah,10012264,Code 27,Active,297555
Zahra Wahid Hotel,فندق زهره واحد,Madinah,10011886,1-Star,Active,296122
Mehad Al MAdina Plus,فندق مهاد المدينة بلس الفندقية,Madinah,10011880,1-Star,Active,293477
Ruya Alandalus Company,شركة رؤيا الأندلس,Madinah,10013009,1-Star,Active,302095
Mushtaq Al Madinah Tourist Hostel,نزل مشتاق المدينة للنزل السياحية,Madinah,10010876,Unclassified/Other,Active,271896
Qadat Aldiyafat Company for Hotel Services,شركة قادة الضيافة للخدمات الفندقية,Madinah,10010874,1-Star,Active,271855
AFAQ SILA,شركة آفاق سيله للتشغيل والصيانة ,Madinah,10010942,1-Star,Active,289875
Makarem Burj Al Madinah Hotel,فندق مكارم برج المدينة الفندقية,Madinah,10011012,Unclassified/Other,Active,289455
Subl AlMunawara Hotel Company,شركة سبل المنورة الفندقية,Madinah,10011011,Unclassified/Other,Active,289856
Ishraq Almadain Almukhtalif For Tourist Hostel,نزل اشراق المدائن المختلف للنزل السياحية,Madinah,10010971,Unclassified/Other,Active,288275
Shams Al Madinah hostel Co,شركة شمس المدينة المحدودة,Madinah,10011512,Unclassified/Other,Active,291755
Alkeram Aljadid Hotel,مؤسسة فندق الكرام الجديد,Madinah,10010751,1-Star,Active,258715
afaq al marsa,شركة آفاق المرسى للتشغيل والصيانة ,Madinah,10010749,2-Star,Active,258695
Alhijaz Almasi Company To operate hotels,شركة الحجاز الماسي لتشغيل الفنادق,Madinah,10011160,Unclassified/Other,Active,289876
Regency View Hotel,شركة ريجنسي فيو الفندقية,Madinah,10011158,Unclassified/Other,Active,290375
Karam Al Hejaz Hotel,فندق كرم الحجاز الفندقية,Madinah,10002024,Unclassified/Other,Active,258795
Raed Wan Hostel,نزل رائد وان,Madinah,10011504,Unclassified/Other,Active,292855
Makin Hotel Company,شركة مكين الفندقية,Madinah,10011263,1-Star,Active,290495
AL ANSAR PLATINUM Hotel,فندق الانصار بلاتينوم,Madinah,10011262,1-Star,Active,290435
Bayt Salsabeel For Hotel Services Company,شركة بيت سلسبيل للخدمات الفندقيه,Madinah,10011868,1-Star,Active,295015
Al Hijaz Al Mubaraka Establishment,مؤسسة الحجاز المباركة,Madinah,10012309,1-Star,Active,301655
Raed Wan Hostel,نزل رائد وان,Madinah,10013092,Unclassified/Other,Active,302655
P C MADINA Company,شركة بي سي مادينا,Madinah,10012976,Unclassified/Other,Active,301875
AL FAYROZ SHATTA HOTEL,فندق الفيروز شطة,Madinah,10002451,Code 10,Active,235743
Al Fayrouz Shatta Hotel Company,شركة فندق الفيروز شطة الفندقية,Madinah,10002451,Unclassified/Other,Active,301555
waqar almadinah Company,شركة وقار المدينة,Madinah,10012441,1-Star,Active,299341
AlSafir AlSakani Establishment For tourist lodges,مؤسسة السفير السكني للنزل السياحيه,Madinah,10012884,Unclassified/Other,Active,301238
safa barak Hostel For tourist lodges,نزل صفا بارك للنزل السياحيه,Madinah,10012880,Unclassified/Other,Active,301175
Nidaa Tayba AlMasi Hostel For tourist lodges,نزل نداء طيبة الماسي للنزل السياحيه,Madinah,10012329,Unclassified/Other,Active,300232
nujum alkhayrat alfadiah Hostel For tourist lodges,نزل نجوم الخيرات الفضيه للنزل السياحيه,Madinah,10011693,Unclassified/Other,Active,293716
Abraj Shahd Hostel Services Company,شركة ابراج شهد للخدمات الفندقية,Madinah,10010920,Unclassified/Other,Active,287617
NOZOL BATOOL FADE,نزل البتول الفضي للضيافة السياحي,Madinah,10012189,Unclassified/Other,Active,302035
AlAmana AlTaawuniya Company For Trading,شركة الأمانة التعاونية للتجارة,Madinah,10011688,Unclassified/Other,Active,292675
Alhayat Alalami Hotel Company,شركة الحياة العالمي الفندقية,Madinah,10010902,1-Star,Active,275162
hayat bark almadina Establishment,مؤسسة حياة بارك المدينة,Madinah,10012184,1-Star,Active,297695
anis albarakah Hostel,نزل انيس البركة,Madinah,10011625,Unclassified/Other,Active,292296
Turbal Thari Company Hotel shakhs wahid,شركة تربل ثري الفندقية شخص واحد,Madinah,10012247,1-Star,Active,296695
New Al-Samman Hotel,فندق السمان الجديد الفندقية,Madinah,10011155,Unclassified/Other,Active,289935
RAGHAD FAHAD ALMAJNONI Hostel,نزل رغد فهد المجنوني,Madinah,10011616,Unclassified/Other,Active,292315
alAman alArabiyya Hotel,شركة الأمان العربية للخدمات الفندقيه,Madinah,10012183,1-Star,Active,299496
TRIPLE ONE HOTEL,فندق تريبل ون الفندقية,Madinah,10011771,1-Star,Active,294599
Rua Grand Hotel,فندق رؤى جراند,Madinah,10010898,1-Star,Active,271915
KAYAN ALMASY  HOTEL,فندق كيان الماسي الفندقية,Madinah,10002577,Unclassified/Other,Active,274959
madinat safwat alaalam Company,شركة مدينة صفوة العالم,Madinah,10011733,Unclassified/Other,Active,292955
Aaliyah Juhaynah Hostel For tourist lodges,نزل عالية جهينة للنزل السياحيه,Madinah,10012150,Unclassified/Other,Active,295995
Durat alkhaleej alfidhi Hotel Hotel,فندق درة الخليج الفضي الفندقية,Madinah,10012025,1-Star,Active,300234
aalam alnojoom Company Hotel,شركة عالم النجوم الفندقية,Madinah,10011376,1-Star,Active,292335
Hostel For tourist lodges,نزل عيسى كريم سرحان الرشيدي للنزل السياحيه,Madinah,10012148,Unclassified/Other,Active,298595
Ruz AlFidhi Hotel Hotel,فندق روز الفضي الفندقية,Madinah,10012143,1-Star,Active,295935
Mehad Al MAdina Plus Hotel,فندق مهاد المدينة بلس الفندقية,Madinah,10011822,1-Star,Active,293255
Diyar Ajwa Tapestry by Hilton Company,شركة ديار عجوة تابستري باي هيلتون,Madinah,10011709,Unclassified/Other,Active,293195
Company Ltd. shakhs wahid,شركة وقار العالمي المحدودة شخص واحد,Madinah,10011708,1-Star,Active,293891
Company AFAMIA ELITE,شركة أفاميا إليت,Madinah,10012128,Unclassified/Other,Active,294997
Naseem Alsharia Hotel Hotel Establishment,مؤسسة فندق نسيم الشريعه الفندقية,Madinah,10011821,1-Star,Active,293196
Bosphorus Hotel Tow,فندق البسفور اثنان,Madinah,10006042,Unclassified/Other,Active,235038
eesa hotel,نزل عيسى كريم سرحان الرشيدي للنزل السياحيه,Madinah,10012226,1-Star,Active,299744
alkiram alfidi Hostel,نزل الكرام الفضي,Madinah,10011938,Unclassified/Other,Active,293935
alasdiqa almasiat litashghil alfanadiq,شركة الأصدقاء الماسية لتشغيل الفنادق شخص واحد,Madinah,10010858,1-Star,Active,288215
MARINA ALDAHABI HOTEL,شركة مارينا الذهبي للخدمات الفندقية شخص واحد,Madinah,10010857,1-Star,Active,271662
Ruya Alandalus Company,شركة رؤيا الأندلس,Madinah,10012021,1-Star,Active,295715
alayniah hotel,فندق العينية الفندقية,Madinah,10005772,Unclassified/Other,Active,288195
WISAM AL MISK HOTEL,شركة وسام المسك الفندقية,Madinah,10012054,1-Star,Active,294216
Loujain alfadiy Hotel,مؤسسة فندق لجين الفضي الفندقية,Madinah,10010869,1-Star,Active,271735
HOTEL NAJMAT ALQASWA,فندق نجمة القصواء,Madinah,10010867,1-Star,Active,287996
Ruya Alandalus Company,شركة رؤيا الأندلس,Madinah,10012047,1-Star,Active,294346
AlAmana AlTaawuniya Company For Trading,شركة الأمانة التعاونية للتجارة,Madinah,10011979,1-Star,Active,294395
nuzul nujum alawali lildiyafa alsiyahi Establishme,مؤسسة نزل نجوم العوالي للضيافة السياحي,Madinah,10012295,Unclassified/Other,Active,299761
Afaq Al Salam Al Zahabi,شركة حياة الايمان للتشغيل والصيانة,Madinah,10011634,1-Star,Active,292935
AlAmana AlTaawuniya Company For Trading,شركة الأمانة التعاونية للتجارة,Madinah,10011632,Unclassified/Other,Active,292350
Raed Wan Hostel,نزل رائد وان,Madinah,10012127,Unclassified/Other,Active,295895
Tabah Silver Towers Hotel,فندق أبراج طابة الفضي الفندقية,Madinah,10007173,1-Star,Active,225028
Wafadah Alzahraa Hotel,شركة وفادة الزهراء للخدمات الفندقيه,Madinah,10007170,1-Star,Active,228597
Jay Den Hotel Company,شركة جاي دن الفندقية,Madinah,10006571,Unclassified/Other,Active,221991
Assaafa Hotel,شركة السعفة للخدمات الفندقيه,Madinah,10006554,Unclassified/Other,Active,235721
PARK ALMADINA SERVICED APARTMENT,شقق بارك المدينة للشقق المخدومة,Madinah,10006552,2-Star,Active,259435
Hotel Zawaya almasia,فندق زوايا الماسية للايواء السياحي,Madinah,10006547,1-Star,Active,235621
Sewar Al Thahab serviced apartments,شقق سوار الذهب للشقق المخدومة,Madinah,10006539,2-Star,Active,269065
Emaar Elite,فندق اعمار اليت المدينة الفندقية,Madinah,10006072,Unclassified/Other,Active,235781
E hotel,فندق إيي الفندقية,Madinah,10006522,Unclassified/Other,Active,242990
Fakamat alaqama for serviced apartments,شقق فخامة الاقامة للشقق المخدومة,Madinah,10007158,2-Star,Active,271795
Ajyal Almadinah Hotel 1,اجيال المدينة الفندقية,Madinah,10009378,1-Star,Active,235800
Durrat Al Hamra Serviced Apartments,شقق درة الحمراء المخدومة,Madinah,10009492,2-Star,Active,269778
Zowar international Hotel,فندق زوار العالمي,Madinah,10008777,3-Star,Active,227959
ALMARZAM HOTEL,شركة المرزم الفندقية,Madinah,10008776,1-Star,Active,230721
Al Mukhtara Plaza Hotel,فندق المختارة بلازا,Madinah,10009459,1-Star,Active,235791
Jawharat Sama Hotel,فندق جوهرة سما,Madinah,10008829,2-Star,Active,235747
Abrag Almarzam Hotel,شركة ابراج المرزم الفندقية,Madinah,10008824,1-Star,Active,223122
Al Manar Silver Hotel,المنارالفضي,Madinah,10008823,1-Star,Active,235751
Karam Al Khair Hotel,فندق كرم الخير الفندقية,Madinah,10008835,1-Star,Active,225222
Almokhtara Diamond hotel,شركة المختارة الماسي للخدمات الفندقيه شخص واحد,Madinah,10008822,1-Star,Active,230404
shakaq aldura alraqiyya lishquq almakhdouma,شقق الدرة الراقية للشقق المخدومة,Madinah,10007152,2-Star,Active,289835
al bastan hotel,فندق ماسة البستان,Madinah,10007135,1-Star,Active,235810
ASIN HOTEL,فندق اسين الفندقية,Madinah,10006468,1-Star,Active,292883
Elaf Al Taqwa Hotel,فندق ايلاف التقوى,Madinah,10006022,1-Star,Active,235767
Sama AlMadina Hotel,فندق سما المدينة الفندقية,Madinah,10006444,1-Star,Active,250454
Karma Al Madaen Hotel,فندق كارمة المدائن الفندقية,Madinah,10006438,1-Star,Active,255115
Emaar Al Maktan Hotel,فندق اعمار مكتان الفندقية,Madinah,10006414,3-Star,Active,244715
Durrat Al Madinah Hotel Company,شركة درة المدينة الفندقية,Madinah,10006361,1-Star,Active,225034
OWNARA STAY COMPANY,شركة أونارا ستاي,Madinah,10006350,2-Star,Active,262838
DYAFAT ALATHEL INVESTMENT CO,شركة ضيافة الأثيل للاستثمار,Madinah,10011297,1-Star,Active,290535
Laylah Wahedah Hotel Est,مؤسسة فندق ليلة واحدة الفندقية,Madinah,10010598,1-Star,Active,299121
Maysan Al Taqwa Hotel,مجموعة ميسان الدولية,Madinah,10010592,1-Star,Active,239195
Abraj Al Diafa,شركة ابراج الضيافة واحد لتشغيل الفنادق,Madinah,10010670,1-Star,Active,254575
Zahrat Ithnan Hotel,فندق زهرة اثنان,Madinah,10010986,1-Star,Active,288337
Zahrat Taiba Khamsa Hotel,فندق زهرة طيبة خمسة الفندقية,Madinah,10010985,1-Star,Active,288375
Millennium Madinah Airport Hotel,شركة فندق مطار المدينة ميلينيوم,Madinah,10008820,Unclassified/Other,Active,272587
Manazili Medina Hotel,فندق منازلي المدينة,Madinah,10008819,1-Star,Active,235924
Diyar Al Huda Hotel,فندق ديار الهدى الفندقية,Madinah,10008814,1-Star,Active,230644
Golden Palace Hotel,فندق قصر الاندلس الذهبي,Madinah,10008811,1-Star,Active,235750
Tabah Towers Limited Company,شركة أبراج طابة المحدودة (شركة شخص واحد),Madinah,10008808,1-Star,Active,225206
Jawar Taiba Hotel,فندق جوار طيبة الفندقية,Madinah,10008833,1-Star,Active,227612
Hayah Diamond Hotel,شركة حياة الماسي للخدمات الفندقيه,Madinah,10008806,1-Star,Active,247466
KINAN SUITE HOTEL,فندق كنان سويت الفندقية,Madinah,10007924,1-Star,Active,301855
Hill Hotel,فندق هيل,Madinah,10010157,1-Star,Active,235884
Nasamat Hotel,شركة نسمات الفندقية,Madinah,10010154,1-Star,Active,227831
Dakhil Bin Naqa Bin Shenishil Al Rahili Serviced A,شقق دخيل بن نقا بن شنيشيل الرحيلي للشقق المخدومة,Madinah,10005718,2-Star,Active,288518
EMAAR ROYAL,فندق اعمار رويال للخدمات الفندقية,Madinah,10007095,3-Star,Active,232162
TAJ AL-EIMAN HOTEL,فندق تاج الإيمان الفندقية,Madinah,10007072,2-Star,Active,244776
Safwa City Hotel,فندق صفوة المدينة الفندقية,Madinah,10006318,1-Star,Active,227604
Sky ViewHotel,فندق سكاي فيو,Madinah,10006293,1-Star,Active,235920
shaqaq adiwa' alsalam lilshuqaq almakhduma,شقق اضواء السلام للشقق المخدومة,Madinah,10006236,2-Star,Active,269348
raqaz,فندق ركاز الماسي الفندقية,Madinah,10006232,2-Star,Active,269062
SOFITEL SHAHD ALMADINAH,فندق سوفتيل  شهد المدينة,Madinah,10007643,5-Star,Active,235834
Jawharat Al Rasheed Hotel,فندق جوهرة الرشيد,Madinah,10007642,1-Star,Active,222957
verdun hotel,فندق فيردان الفندقية,Madinah,10007641,1-Star,Active,269762
Hotel manazl al majd hotel,فندق منازل المجد الفندقية,Madinah,10010723,1-Star,Active,259295
RAHAT ALUBUR COMPANY,شركة راحه العبور,Madinah,10010994,Unclassified/Other,Active,288955
Wisam Al Alami Hotel,شركة وسام العالمي الفندقية شخص واحد,Madinah,10010146,1-Star,Active,230637
HOWE INN for hotel services,شركة هاو إن للخدمات الفندقيه,Madinah,10009450,1-Star,Active,256718
Jahina al masi Apartments,شقق جهينة الماسي,Madinah,10009448,Unclassified/Other,Active,235769
Shaza Al Baraka Tourist Hospitality Hotel,فندق شذا البركة للضيافة السياحي,Madinah,10009446,1-Star,Active,227571
Orchid Hotel,فندق الأوركيدا,Madinah,10009358,1-Star,Active,254475
Retaj Al Rawdah Hotel Establishment,مؤسسة رتاج الروضة الفندقية,Madinah,10009351,1-Star,Active,227592
manazil alsaadiq,منازل الصادق ,Madinah,10009344,1-Star,Active,235788
MADINAH ARAM HOTEL,فندق آرام المدينة للضيافة السياحي,Madinah,10009432,1-Star,Active,254495
Areek Taiba,شركة اريك طيبة للخدمات الفندقيه,Madinah,10008804,1-Star,Active,235804
Rua Alfakhama Hotel,فندق رؤى الفخامة,Madinah,10008797,1-Star,Active,224753
Sila Hotel Establishment,مؤسسة صلة الفندقية,Madinah,10007621,1-Star,Active,271476
View Almadina Hotel,فندق فيو المدينة,Madinah,10007051,1-Star,Active,235842
Saraya Taibh Hotel,فندق سرايا طيبة,Madinah,10004948,1-Star,Active,235748
AL SADD AL KHALEJE HOTEL,فندق السد الخليجي الفندقية,Madinah,10007427,1-Star,Active,258935
Diyar Al Hijaz Diamond Hotel,فندق ديار الحجاز الماسي الفندقية,Madinah,10007593,1-Star,Active,228536
Makarim Suites Serviced Apartments Company,شركة اجنحة مكارم للشقق المخدومة,Madinah,10007048,2-Star,Active,244477
Rotana Almesk Hotel,فندق روتانا المسك,Madinah,10004058,2-Star,Active,235738
Salsabeel Almasy Hotel,مؤسسة سلسبيل الماسية الفندقية,Madinah,10007567,1-Star,Active,259395
Golden City Hotel,فندق المدينة الذهبي الفندقية,Madinah,10006997,1-Star,Active,224982
LAMARTAIBA SERVICED APARTMENTS,شقق لمار طيبة للشقق المخدومة,Madinah,10007521,2-Star,Active,242968
Nada Taiba For Tourist Hostel,نزل ندى طيبة للنزل السياحيه,Madinah,10011585,Unclassified/Other,Active,291855
roaa,روى الاندلس,Madinah,10008790,1-Star,Active,235770
Karam Al Madina Hotel,فندق كرم المدينة الفندقية,Madinah,10008744,1-Star,Active,224791
rooy alandalus,رؤيا الاندلس,Madinah,10008787,1-Star,Active,235798
Saraya Harmony Hotel (A),فندق سرايا هارموني (أ),Madinah,10008781,1-Star,Active,235777
Luma Serviced Apartments Company,شركة شقق لوما للشقق المخدومة,Madinah,10008779,2-Star,Active,271458
Waqf outhman bin affan hotel,فندق وقف عثمان بن عفان,Madinah,10008752,1-Star,Active,239237
Dar Al Naeem,فندق دار النعيم,Madinah,10007920,1-Star,Active,224814
Ewan AlRabwah for serviced apartments,مؤسسة إيوان الربوة للشقق المخدومة,Madinah,10007918,2-Star,Active,288835
Ansam tyaba,فندق انسام طيبه للضيافة السياحي,Madinah,10007519,1-Star,Active,256418
Abral Hotel,فندق ابرال الفندقية,Madinah,10002511,1-Star,Active,228401
Al Eairy Serviced Apartments Company,شركة العييري للشقق المخدومة,Madinah,10007398,2-Star,Active,242979
SEASON STAR HOTEL,فندق نجم الموسم الفندقية,Madinah,10002486,3-Star,Active,258736
Dosh Serviced Apartments,شقق دوش للشقق المخدومة,Madinah,10007480,2-Star,Active,242234
Castle Hotel,فندق كاسيل الفندقية,Madinah,10007448,2-Star,Active,221981
KAREM ALZAHBI HOTEL,فندق كارم الذهبي الفندقية,Madinah,10007222,1-Star,Active,242972
almadina al-joudida Hotel for Tourist Hospitality,فندق المدينة الجديدة للضيافة السياحي,Madinah,10007434,3-Star,Active,235904
AL Alya Hotel,فندق العلياء,Madinah,10007433,1-Star,Active,235831
AL ANSAR GOLDEN TULIP HOTEL,فندق الانصار جولدن توليب,Madinah,10002526,3-Star,Active,254406
Guest Time Hotel,فندق وقت النزيل الفندقية,Madinah,10007973,1-Star,Active,235899
Plaza Inn One,بلازا إن أحد,Madinah,10007968,1-Star,Active,235823
Durrat Balensia Hotel,فندق درة بلنسية الفندقية,Madinah,10009332,1-Star,Active,259377
Fakhamat Al Madinah Gifts Company,شركة فخامة المدينة للهدايا,Madinah,10009420,2-Star,Active,259137
Diwan Alhijra,ديوان الهجره,Madinah,10009338,1-Star,Active,235838
Diyar Taiba Hotel,فندق ديار طيبه الفندقية,Madinah,10008736,1-Star,Active,239196
Al Manar Silver Hotel 2,المنار الفضي(2),Madinah,10008743,1-Star,Active,235815
Arkan Aldahbi Hotel,فندق أركان الذهبي الفندقية,Madinah,10008724,1-Star,Active,254796
Diwan Almadinah Hotel,ديوان المدينة,Madinah,10008723,1-Star,Active,235903
Faraj almadina hotel,فندق فرج المدينة الفندقية,Madinah,10008721,3-Star,Active,235763
Ramah Almadina For Serviced Apartments,مؤسسة رامة المدينة للشقق المخدومة,Madinah,10008718,2-Star,Active,269067
Valy Hotel,فندق فالي المدينة,Madinah,10006897,1-Star,Active,235824
ROYA AL ANDALUS COMPANY,شركة رؤيا الأندلس لتشغيل الفنادق شخص واحد,Madinah,10001976,2-Star,Active,235275
Ruve Hotel,فندق روف المدينة الفندقية,Madinah,10001932,1-Star,Active,227512
Shaza Regency Plaza Hotel,فندق شذا ريجنسي بلازا للفنادق,Madinah,10007217,3-Star,Active,226899
PLATINUM HOTIL,فندق بلاتينيوم الفندقية,Madinah,10007368,1-Star,Active,247583
itlalat uhud,فندق اطلالة احد الفندقية,Madinah,10007367,1-Star,Active,245427
Almokhtara internatlonnal hotel,شركة المختارة العالمي للخدمات الفندقيه شخص واحد,Madinah,10007215,1-Star,Active,230295
Anfal Taiba Serviced Apartments,شقق انفال طيبة للشقق المخدومة,Madinah,10007363,2-Star,Active,255015
AL RITZ AL MADINA HOTEL,فندق الريتز المدينة,Madinah,10007213,3-Star,Active,226810
AL Madinah Hilton Hotel,فندق المدينة هيلتون,Madinah,10007360,1-Star,Active,235837
Gacine hotel,فندق غسن الفندقية,Madinah,10007357,1-Star,Active,254655
Company Ltd. shakhs wahid,شركة وقار العالمي المحدودة شخص واحد,Madinah,10011440,Unclassified/Other,Active,293456
abraj shahd Company for Hotel services,شركة ابراج شهد للخدمات الفندقية,Madinah,10011437,Unclassified/Other,Active,292135
one inn hotel,شركة فندق ون ان الفندقية,Madinah,10007935,1-Star,Active,235073
AZhar Salsabil,فندق ازهار سلسبيل الفندقية,Madinah,10008022,1-Star,Active,235820
Assaafa Golden Hotel,فندق السعفة الذهيبة,Madinah,10008021,3-Star,Active,235787
Maysan Al Harithia,فندق ميسان الحارثية ,Madinah,10008016,1-Star,Active,235805
Dan Hotel,شركة فندق دان الفندقية,Madinah,10008010,1-Star,Active,259644
afaq alfaday,شركة افاق الفضي لتشغيل الفنادق,Madinah,10010513,1-Star,Active,244521
Safwa Taiba Hotel Suites Establishment,مؤسسة فندق اجنحة صفوة طيبة الفندقية,Madinah,10010507,1-Star,Active,255176
Ajyal Almadinah Hotel 2,فندق اجيال المدينة 2,Madinah,10009725,1-Star,Active,235885
Ruh Taiba Hotel,فندق روح طيبة الفندقية,Madinah,10009714,1-Star,Active,256476
Hotel Ruaa Alsaadah,فندق رؤى السعادة للخدمات الفندقيه,Madinah,10008714,1-Star,Active,225212
ALBADR SERVIEED APARTMENTS,شقق البدر للشقق المخدومة,Madinah,10007964,2-Star,Active,269777
hayah plaza hotel,فندق حياة بلازة الفندقية,Madinah,10007962,1-Star,Active,244735
Anwar Alzahraa Hotel,فندق أنوار الزهراء الفندقية,Madinah,10007906,1-Star,Active,230671
Rawabi Alzahraa Hotel,شركة روابي الزهراء للخدمات الفندقيه,Madinah,10007905,1-Star,Active,235733
Afaq Taiba,شركة آفاق الايمان للتشغيل والصيانة,Madinah,10007911,1-Star,Active,242951
Grand plaza madinah Hotel,فندق جراند بلازا المدينة,Madinah,10007910,1-Star,Active,227638
Con Code Alnazeel Hotel,فندق كون كود النزيل للخدمات الفندقية,Madinah,10007907,1-Star,Active,235915
Moroccan Hotel,شركة فندق المغاربي للضيافة السياحي,Madinah,10010036,1-Star,Active,242589
Umsia Alhijaz For serviced apartment,شقق أمسية الحجاز للشقق المخدومة,Madinah,10007355,2-Star,Active,259235
zawaya Almasia for serviced apartments,شقق زوايا الماسية للشقق المخدومة,Madinah,10007352,2-Star,Active,242226
Loma Hotel,فندق لوما الفندقية,Madinah,10007350,1-Star,Active,239935
Diyar AlIman Hotel Services Company,شركة ديار الايمان للخدمات الفندقيه,Madinah,10006850,1-Star,Active,230668
THEEXECUTIVESUNRISE,شركة اشراق التنفيذي للخدمات الفندقية,Madinah,10006835,4-Star,Active,230883
Hafawah Suites,شقق أجنحة حفاوه للوحدات السكنية,Madinah,10001910,2-Star,Active,271757
Sidra Alia AL-DAHABI hotel,فندق السدرة العالية الذهبي للايواء السياحي,Madinah,10007347,1-Star,Active,244235
Rua Taiba Plus Hotel,شركة رؤئ طيبة بلس للضيافة السياحي,Madinah,10007348,1-Star,Active,259275
Hotel Shyan,فندق شيان الفندقية,Madinah,10007332,1-Star,Active,256475
Hotel ALANWAN AL DAHABI Hotel,فندق العنوان الذهبي الفندقية,Madinah,10007327,1-Star,Active,287655
manazil almarsa hotel,فندق منازل المرسى الفندقية,Madinah,10009085,1-Star,Active,228387
Diyar Al Habib Hotel,فندق ديار الحبيب الفندقية,Madinah,10008947,1-Star,Active,235765
ANWAR ALMADINAH MOVENPICK HOTEL,فندق أنوار المدينة موفنبيك,Madinah,10009082,Unclassified/Other,Active,235916
Wrdat AlSaadah Hotel,شركة وردة السعادة الفندقية,Madinah,10008944,1-Star,Active,223344
Diyar AlSaliheen Limited Company,شركة ديار الصالحين المحدودة شخص واحد,Madinah,10009069,2-Star,Active,259415
Malameh ALmadinah furnished,مؤسسة شقق ملامح المدينة المخدومة,Madinah,10010476,2-Star,Active,259215
Shaza Saffron Hotel for Tourist Accommodation,مؤسسة فندق شذا الزعفران للايواء السياحي,Madinah,10010490,Unclassified/Other,Active,225188
ALNAQAT AL THAMANIH HOTEL,شركة فندق النقاط الثمانية للضيافة السياحي ,Madinah,10010466,1-Star,Active,239110
Marsa Al Khair Tourist Accommodation Foundation,مؤسسة نزل مرسى الخير للايواء السياحي,Madinah,10010460,Unclassified/Other,Active,226099
DRUB AL SAKINA FOR HOTEL SERVICES,شركة دروب السكينة للخدمات الفندقيه,Madinah,10010238,1-Star,Active,259140
Diyar Al Gharaa Hotel,فندق ديار الغراء ,Madinah,10010072,1-Star,Active,235893
Peninsula Worth Hotel,فندق بيننسولا وورث للخدمات الفندقيه,Madinah,10009844,Unclassified/Other,Active,241265
Al Eairy Serviced Apartments Company is a one pers,شركة العييري للشقق المخدومة شركة شخص واحد,Madinah,10010056,2-Star,Active,242494
Shaza Al Munawara Hotel,فندق شذا المنورة الفندقية,Madinah,10010044,1-Star,Active,221938
sharikat alafaq almasiat lilkhadamat alfunduqia,شركة الافاق الماسية للخدمات الفندقية,Madinah,10009183,1-Star,Active,227753
MIRAGE ALSALAM HOTEL,فندق ميراج السلام الفندقية,Madinah,10008141,1-Star,Active,235814
Gacine hotel,فندق غسن الفندقية,Madinah,10008140,1-Star,Active,256455
Dar Al Hijra Intercontinental Hotel,شركة ديار المستدامة الفندقية,Madinah,10007902,Unclassified/Other,Active,287137
mihad almadina,مهاد المدينة بلس,Madinah,10007898,1-Star,Active,235922
Anfal Taiba Serviced Apartments,شقق انفال طيبة للشقق المخدومة,Madinah,10007897,2-Star,Active,259463
Apartments Monazel Aldid For serviced,شقق منازل الضيف للشقق المخدومة,Madinah,10007314,2-Star,Active,259016
"Al-Mihrab Hotel, Taiba",فندق المحراب طيبة,Madinah,10007303,1-Star,Active,235821
Al Aqeeq Al Rawda Hotel,فندق العقيق الروضة,Madinah,10007300,3-Star,Active,235896
Rayidat AlDiyafah AlHijra for serviced apartments,شركة رائدة الضيافة الهجره للشقق المخدومة,Madinah,10007291,Code 27,Active,302375
Rua international Hotel,شركة رؤى العالمي الفندقية,Madinah,10007202,1-Star,Active,259145
alrayyan hotel,فندق الريان,Madinah,10007280,Unclassified/Other,Active,235775
Enwan Madina Serviced Apartments,شقق عنوان المدينة للشقق المخدومة,Madinah,10007276,2-Star,Active,289255
Flavor Hotel Company,شركة فلا فور الفندقية,Madinah,10007271,1-Star,Active,287755
Finda Almadinah,فندق فندا المدينة الفندقية,Madinah,10006754,Unclassified/Other,Active,230379
LAYALI AL HALIMA,فندق الليالي الحالمة الفندقية,Madinah,10006645,1-Star,Active,254835
Maysan Rehab Al Mask Hotel,شركة ميسان رحاب المسك للخدمات الفندقيه شخص واحد,Madinah,10009685,1-Star,Active,227431
COOV FOR SERVICED APARTMENTS,شركة كوف للوحدات السكنية,Madinah,10009684,2-Star,Active,289135
ROAYA ALANDALUS,شركة رؤيا الأندلس لتشغيل الفنادق,Madinah,10009677,2-Star,Active,262354
amjadalsalam hotel,شركة فندق امجاد السلام الفندقية,Madinah,10009065,1-Star,Active,239415
Marjan Golden,شركة المرجان الذهبية للخدمات الفندقيه,Madinah,10009055,1-Star,Active,224769
wardah roma serviced apartments company,شركة وردة رومة للشقق المخدومة,Madinah,10009047,2-Star,Active,254895
BELLANTE HOTEL,فندق بلانتي,Madinah,10009064,1-Star,Active,223394
Company Millar Al Dhahbia For Hospital,شركة ميار الذهبية للضيافة السياحي,Madinah,10009035,1-Star,Active,269855
Arkan almanar Hotel,فندق أركان المنار الفندقية,Madinah,10009033,1-Star,Active,244195
Rose Almedina Hotel,فندق روز المدينة الفندقية,Madinah,10007724,1-Star,Active,254555
vatran hotel,فندق فاتور ان للايواء السياحي,Madinah,10007891,1-Star,Active,254918
Verdun suites,شقق أجنحة فيردان للشقق المخدومة,Madinah,10007889,2-Star,Active,269815
Dar Al Taqwa Madinah Hotel,فندق دار التقوى,Madinah,10007887,1-Star,Active,235818
Maghreb Hotel,شركة فندق المغاربي للضيافة السياحي,Madinah,10009832,1-Star,Active,242596
Al Amjad Al Thahabi Serviced Apartments,شقق الامجاد الذهبي للشقق المخدومة,Madinah,10010029,2-Star,Active,226157
ALFAYROZ ALDAHBI HOTEL,فندق الفيروز الذهبي,Madinah,10010018,1-Star,Active,235789
Almokhtara Algharbi hotel,فندق المختارة الغربي فرع شركة منازل المختارة التجارية,Madinah,10010011,1-Star,Active,227083
Retaj Al Madinah Tourist Hostel,نزل رتاج المدينة للنزل السياحيه,Madinah,10010007,Unclassified/Other,Active,234549
Hafawah ajnaht Serviced Apartments,شقق اجنحة حفاوه للشقق المخدومة,Madinah,10009818,2-Star,Active,274173
hayah alwaha hotel,فندق حياة الواحة الفندقية,Madinah,10010002,1-Star,Active,228005
Jiwar Al Saha Hotel,شركة جوار الساحة,Madinah,10006762,1-Star,Active,244300
Diyar Al Taqwa Hotel,فندق ديار التقوى الفندقية,Madinah,10006642,2-Star,Active,221975
HAYAH SALAM SILVER,شركة فندق حياة السلام الفضي الفندقية,Madinah,10010612,1-Star,Active,250259
ARES ALMASI HOTEL COMPANY,شركة أريس الماسي الفندقية,Madinah,10010610,1-Star,Active,287795
ALANDALES ALFAKHER For Hotel Apartments,الأندلس الفاخر للشقق الفندقية,Madinah,10009132,2-Star,Active,235890
Jawharat Al Alia,شقق جوهرة العالية الفندقية,Madinah,10008107,2-Star,Active,244375
COMPANY ASR MARMARA LTD,شركة عصر مرمرة المحدودة,Madinah,10008258,2-Star,Active,259015
Rua Almasi Hotel,رؤى الماسي,Madinah,10011283,1-Star,Active,290455
company funduq tabah al-salam hotel,شركة فندق طابة السلام الفندقية,Madinah,10007722,3-Star,Active,259360
Ajnahat Al-Baidaa Serviced Apartments Company,شركة اجنحة البيداء للشقق المخدومة,Madinah,10007718,2-Star,Active,258895
Waqf Al Safi Hotel,فندق وقف الصافي,Madinah,10007708,3-Star,Active,235785
REST INN HOTEL,مؤسسة فندق ريست إن للايواء السياحي,Madinah,10010449,1-Star,Active,287876
AL MAJD SILVER HOTEL,مؤسسة فندق المجد الفضي الفندقية,Madinah,10010445,1-Star,Active,245228
karam alhijaz liistijar waeajrir aldawr alskaniah,شركة كرم الحجاز لإستئجار وتأجير الدور السكنية,Madinah,10010234,1-Star,Active,235881
Shaza Al-Iman Tourist Hostel,مؤسسة نزل شذا الايمان للنزل السياحيه,Madinah,10010420,Unclassified/Other,Active,222965
nozl alfalah,مؤسسة نزل الفلاح العوالي للنزل السياحيه,Madinah,10010418,Unclassified/Other,Active,228629
warda salsabeel company,شركة وردة سلسبيل,Madinah,10009658,1-Star,Active,258735
vatoran 1 Hotel for Tourist Accommodation,فندق فاتور ان للايواء السياحي,Madinah,10009672,1-Star,Active,255075
Saja Hotel Company,شركة فندق سجى المدينة الفندقية,Madinah,10009290,Unclassified/Other,Active,254735
Manar Al Eman Hotel,فندق منار الايمان,Madinah,10009288,1-Star,Active,235771
Al Miqat serviced apartments,شركة الميقات للشقق المخدومة,Madinah,10009276,2-Star,Active,242943
Mawaddah Tower,برج مودة,Madinah,10009272,1-Star,Active,235746
danahtibahgroup,شقق دانة طيبة للشقق المخدومة,Madinah,10009270,2-Star,Active,262127
tubal alma siverviced apartment,شقق توبال الماسي للشقق المخدومة,Madinah,10008663,2-Star,Active,259949
Luma Hotel,فندق لوما الفندقية,Madinah,10008659,1-Star,Active,240578
Hotel Louloat Aldiyafah,فندق لؤلؤة الضيافة الفندقية,Madinah,10008639,1-Star,Active,223244
Sanabel Madinah Hotel,فندق سنابل المدينة,Madinah,10007873,1-Star,Active,244156
PALLADIUM HOTEL,فندق بلاد يوم للايواء السياحي,Madinah,10007862,1-Star,Active,288775
Sunduq Bonyan Hotel Apartments Company,شركة صندوق بنيان للشقق الفندقية,Madinah,10008817,1-Star,Active,300775
Sud boutique Hotel Operation Company,شركة سدو بوتيك لتشغيل الفنادق,Madinah,10007946,2-Star,Active,259141
Alia Gate Hotel Apartments,شقق بوابة العالية للشقق الفندقية,Madinah,10008049,2-Star,Active,260495
Al Mosafer Sabaa Hotel Apartments,شقق المسافر سبعة للشقق الفندقية,Madinah,10007101,2-Star,Active,287895
La cordia hotel Apartment,شركة اجنحة لاكورديا للشقق الفندقية,Madinah,10007190,2-Star,Active,256416
FATIMA AHMAD BEN KAYAD ALHARBI,شقق فاطمه احمد بن قياض الحربي للشقق الفندقية,Madinah,10007044,1-Star,Active,302735
Rose Holiday for Tourism Hospitality Company,شركة روز هوليداي للضيافة السياحي,Madinah,10010621,1-Star,Active,288456
Darakum Almithali establishment,مؤسسة داركم المثالي,Madinah,10010627,1-Star,Active,288596
Al Ansar new palace hotel,فندق قصر الانصار الجديد,Madinah,10002435,2-Star,Active,235758
In Taiba Hotel Apartments,مؤسسة إن طيبة للشقق المخدومة,Madinah,10009664,2-Star,Active,244536
Arjwan Almadina Hotel,شركة فندق ارجوان المدينة الفندقية,Madinah,10008931,1-Star,Active,232235
SEBAL,فندق سبال الفندقية,Madinah,10009022,1-Star,Active,227702
Karam Taibah Almasi Hotel,فندق كرم طيبة الماسي الفندقية,Madinah,10009021,1-Star,Active,222035
Diyar Al Salam Hotel,فندق ديار السلام,Madinah,10009018,1-Star,Active,221958
Manazel Alzahraa Hotel,شركة منازل الزهراء للايواء السياحي,Madinah,10009010,1-Star,Active,240531
Diyar Al Medina Hotel,فندق ديار المدينة,Madinah,10009005,1-Star,Active,230416
ABRAJ ALARAB SERVICED APARTMENT,مؤسسة أبراج العرب للشقق المخدومة,Madinah,10007707,2-Star,Active,259144
Bait Salsabil,بيت سلسبيل,Madinah,10007706,1-Star,Active,238697
Sama Alkhair Hotel,فندق سما الخير الفندقية,Madinah,10007701,1-Star,Active,259495
Rama Al Madinah Hotel Services Company,شركة راما المدينة للخدمات الفندقية,Madinah,10007858,1-Star,Active,223240
Ruh Taiba Hotel,فندق روح طيبة الفندقية,Madinah,10009992,1-Star,Active,256495
Elite AL Hijra Hotel,شركة إليت لتشغيل الفنادق,Madinah,10009812,Unclassified/Other,Active,291416
BASHAYIR TAYIBA SERVICED APARTMENTS,شقق بشاير طيبة,Madinah,10009240,2-Star,Active,235819
Sama Al-Masi Hotel Company,شركة سما الماسي الفندقية,Madinah,10008104,1-Star,Active,225243
MADEN Taiba Hotel,شركة مادن طيبة,Madinah,10008600,Unclassified/Other,Active,235806
RUA ALKHAIR,شركة رؤى الخير الفندقية,Madinah,10007764,1-Star,Active,224829
AlBaidaa Wings Serviced Apartments,اجنحة البيداء للشقق المخدومة,Madinah,10007842,2-Star,Active,258955
DORAAT ELSHARK SERVED APARTMENT,شقق درة الشرق للشقق المخدومة,Madinah,10007850,2-Star,Active,260468
Azar Apartments,شقق ازار للشقق المخدومة,Madinah,10007826,2-Star,Active,255035
Ajnahat Al-Baidaa Serviced Apartments Company,شركة اجنحة البيداء للشقق المخدومة,Madinah,10010778,1-Star,Active,271495
Arjwan Rose Hotel,فندق ارجوان روز,Madinah,10002575,Unclassified/Other,Active,235802
ROYA AL ANDALUS COMPANY,شركة رؤيا الأندلس لتشغيل الفنادق,Madinah,10010781,1-Star,Active,259376
Rabwa Al Safwa Hotel 7,فندق ربوة الصفوة,Madinah,10010791,1-Star,Active,271475
Alyasmeen,شركة الياسمين الأبيض للخدمات الفندقية شخص واحد,Madinah,10010799,1-Star,Active,269047
Afaq Almasi To operate hotels Company,شركة افاق الماسي لتشغيل الفنادق ,Madinah,10011138,1-Star,Active,292191
BELLANTE HOTEL FOR HOTEL SERVICES,فندق بلانتي للخدمات الفندقيه,Madinah,10007691,1-Star,Active,254595
Zawaya almasia Hotel,مؤسسة فندق زوايا الماسية للايواء السياحي,Madinah,10010406,1-Star,Active,244455
AFAQ ELIMAN,شركة حياة الايمان للتشغيل والصيانة,Madinah,10009618,1-Star,Active,253177
ROYA AL ANDALUS COMPANY,شركة رؤيا الأندلس لتشغيل الفنادق شخص واحد,Madinah,10009611,1-Star,Active,230488
AL ZAHABI GOLDEN TULIP,الذهبي جولدن توليب,Madinah,10009560,3-Star,Active,230431
HOTEL AL-ANDALUS DAR AL-SALAAM,فندق الأندلس دار السلام,Madinah,10008894,1-Star,Active,228531
LUXURY CITY SERVICED APRTMENTS,شقق فخامة المدينة المخدومة,Madinah,10008996,2-Star,Active,258875
Manazel Alhassan Hotel,شركة منازل الحسن للايواء السياحي,Madinah,10008762,1-Star,Active,239994
Bar AIman Hotel,فندق بر الإيمان,Madinah,10008908,1-Star,Active,241175
Amjad Al Gharra Hotel,فندق امجاد الغراء,Madinah,10008907,1-Star,Active,235923
Saraya Harmony Hotel (c),فندق سراياهارموني(ج),Madinah,10007823,1-Star,Active,235809
Nozol Royal Inn Hotel,فندق نزل رويال,Madinah,10009956,3-Star,Active,239121
Ajyal Almadinah Hotel 3,فندق اجيال المدينة 3,Madinah,10009952,1-Star,Active,235873
DOYOF COMPANY FOR TOURIST ACCOMMODATION,شركة ضيوف للايواء السياحي,Madinah,10009802,2-Star,Active,288055
Hayat Al Madin Hotel,فندق حياه المدينة الفندقية,Madinah,10009932,1-Star,Active,235891
Rose Holiday Hotel (1),فندق روزهوليداي (1),Madinah,10009236,1-Star,Active,235752
AL MADENA ANASAT HOTEL,فندق المدينة آنست للخدمات الفندقيه,Madinah,10008980,1-Star,Active,247764
Saba Ohud Serviced Apartments,شقق صبا احد للشقق المخدومة,Madinah,10008446,2-Star,Active,287715
Dan Pelatinum Hotel,فندق دان البلاتيني الفندقية,Madinah,10008443,1-Star,Active,259055
Zaha Al Munawara Hotel,فندق زها المنورة,Madinah,10008569,1-Star,Active,235778
Rest Inn Hotel for tourist accommodation,مؤسسة فندق ريست إن للايواء السياحي,Madinah,10010827,1-Star,Active,292495
ROYA ALANDALUS Hotel Operation Company,شركة رؤيا الأندلس لتشغيل الفنادق,Madinah,10010838,1-Star,Active,287877
Lujain AlDhahabi Hotel Est,مؤسسة فندق لجين الذهبي الفندقية,Madinah,10010880,1-Star,Active,271778
Abdulhamed ahmad saqr hotel,مؤسسة فندق عبدالحميد احمد صقر الفندقية,Madinah,10010692,Unclassified/Other,Active,254875
Arjwan AlSaadah Hotel,فندق ارجوان السعادة,Madinah,10008898,1-Star,Active,235822
nasuk alayman hotel,نسك الايمان,Madinah,10008896,1-Star,Active,235739
Kayan Almadina Hotel,فندق كيان المدينة,Madinah,10007667,1-Star,Active,227498
The House of Faith,دار الايمان الحرم ,Madinah,10007660,4-Star,Active,235829
Al-Deem Serviced Apartments,شقق الديم للشقق المخدومة,Madinah,10007656,2-Star,Active,259887
EWAN DAR ALHEJRA HOTEL,شركة إيوان دار الهجرة الفندقية,Madinah,10007648,1-Star,Active,254601
Dua Roz Hotel,شركة فندق دعاء روز الفندقية ,Madinah,10010333,1-Star,Active,224825
Shams Al Madinah Hostel,شركة شمس المدينة المحدودة,Madinah,10009550,Unclassified/Other,Active,226837
AlSanobra Hotel Company,شركة الصنوبره الفندقية,Madinah,10009540,1-Star,Active,288316
HOTEL TALLAQ for Hotel services,فندق تلاق للخدمات الفندقيه,Madinah,10008891,1-Star,Active,258815
Durrat Al Azizia for Serviced Apartments,شقق درة العزيزية للشقق المخدومة,Madinah,10008432,2-Star,Active,271663
MNAZEL EL TEF FOR SERVICED APARTMENTS,شركة منازل الطيف للشقق المخدومة شركة شخص واحد,Madinah,10008557,Code 27,Active,298695
Rehab Harmony Hotel,فندق رحاب هارموني,Madinah,10008089,1-Star,Active,235762
MANAZEL ALAZIZIYAH FOR SERVICED APARTMENTS,شقق منازل العزيزية للشقق المخدومة,Madinah,10008423,Code 27,Active,302015
Lviv ALmumayazah Hotel,شركة لفيف المميزة الفندقية,Madinah,10007820,1-Star,Active,288315
Byt Almadina serviced arartmint,شقق بيت المدينة للشقق المخدومة,Madinah,10007818,2-Star,Active,255095
Gacine hotel,فندق غسن الفندقية,Madinah,10007808,1-Star,Active,254695
Dan Golden Hotel,شركة دان الذهبي الفندقية,Madinah,10007800,1-Star,Active,258755
Tamanina Hotel Company,شركة طمأنينة الفندقية,Madinah,10009901,2-Star,Active,287501
Safa Taiba Hotel Operation Company,شركة صفا طيبه لتشغيل الفنادق,Madinah,10009199,1-Star,Active,251045
Rua Al Dhiyafa Hotel,رؤى الضيافة ,Madinah,10010887,1-Star,Active,271835
Diyar Al Safa Hotel Services Company,شركة ديار الصفا للخدمات الفندقية شخص واحد,Madinah,10011026,Unclassified/Other,Active,288735
Ajial Taiba,أجيال طيبة,Madinah,10011460,Unclassified/Other,Active,291402
BURJ ALMARJAN ALALAMI HOTEL,شركة برج المرجان العالمي للخدمات الفندقيه,Madinah,10008758,1-Star,Active,227846
roaya alandalus,شركة رؤيا الأندلس لتشغيل الفنادق,Madinah,10008878,2-Star,Active,259459
Sama Golden Hotel,فندق سما الذهبي الفندقية,Madinah,10008755,1-Star,Active,225269
Grand Zowar hotel,فندق جراند زوار للضيافة السياحي,Madinah,10008871,1-Star,Active,230686
Salsabil AlDhahabi Renewed Company,شركة سلسبيل الذهبي المتجدد للخدمات الفندقيه,Madinah,10008870,1-Star,Active,235811
SPALL PIUS HOTEL,فندق سبال بلس الفندقية,Madinah,10008861,1-Star,Active,227416
Diyar Al Nakheel Hotel,فندق ديار النخيل الفندقية,Madinah,10008860,1-Star,Active,235632
shaqaq filfit almakhduma,شقق المخملية المخدومة,Madinah,10007685,2-Star,Active,259175
Al-Muna Kareem Hotel for Tourist Accommodation,فندق المنى كريم للايواء السياحي,Madinah,10009201,3-Star,Active,221992
Al Manakha Rotana Hotel,المناخة روتانا,Madinah,10008380,Unclassified/Other,Active,235832
Hotel NAWAH ALAZIZIA Hotel,فندق نواة العزيزية الفندقية,Madinah,10008047,1-Star,Active,271635
AYID MAGBOL ALGHARNI Hotel Commercial,فندق عايض مقبول القرني التجارية,Madinah,10007798,1-Star,Active,288815
Mamoun Abdulghani Bri Hotel,فندق مأمون عبدالغني مأمون بري الفندقية,Madinah,10007788,1-Star,Active,251178
almanzil aalmasi for serviced apartments,شقق المنزل الماسي للشقق المخدومة,Madinah,10007786,2-Star,Active,271616
Luma Hotel,فندق لوما الفندقية,Madinah,10007768,1-Star,Active,259923
Dar Al Iman Intercontinental Hotel,شركة مساكن الايمان للخدمات الفندقيه,Madinah,10009871,Unclassified/Other,Active,288095
Diyar Al Salam Al Fidhi Hotel,فندق ديار السلام الفضي,Madinah,10009102,1-Star,Active,228022
Dhyafat Alzaer hotel,فندق ضيافة الزائر,Madinah,10009101,1-Star,Active,235886
Rehab Al Madain Tourist Lodges Company,شركة رحاب المدائن للنزل السياحيه,Madinah,10011046,Unclassified/Other,Active,288935
Company To operate hotels shakhs wahid,شركة فرسان الغد لتشغيل الفنادق شخص واحد,Madinah,10011041,Unclassified/Other,Active,288975
Abdulhamid Ahmed Saqr Hotel Hotel Establishment,مؤسسة فندق عبدالحميد احمد صقر الفندقية,Madinah,10011082,Unclassified/Other,Active,289315
Establishment iwaa almatl,مؤسسة إيواء المطل,Madinah,10011335,Code 27,Active,301155
Aaliyah AlDawadiyah Hotel Hotel,فندق عالية الدوادية الفندقية,Madinah,10011330,1-Star,Active,290678
Hotel RASIA Hotel,فندق راسيا الفندقية,Madinah,10007682,1-Star,Active,271760
Al Shohadaa ALFAKHIR  Hotel Apartments,شقق الشهداء الفاخر للشقق المخدومة,Madinah,10007680,2-Star,Active,259095
Al Fakhama Diamond Serviced Apartments,شقق الفخامة الماسية للشقق المخدومة,Madinah,10007678,2-Star,Active,221921
Golden Jasmine Hotel,فندق الياسمين الذهبي الفندقية,Madinah,10007674,1-Star,Active,241471
Elite Haven,مؤسسة إيلايت هافن,Madinah,10010310,Unclassified/Other,Active,256834
ANAF HOTEL,مؤسسة فندق أناف للايواء السياحي,Madinah,10010309,1-Star,Active,254675
Maghreb Hotel for Tourist Hospitality,شركة فندق المغاربي للضيافة السياحي,Madinah,10010199,1-Star,Active,241256
Sina Serviced Apartments Company One Person,شركة سينا للشقق المخدومة شخص واحد,Madinah,10010198,2-Star,Active,256415
Rabwa Al Safwa Hotel 8,فندق ربوة الصفوة,Madinah,10010188,1-Star,Active,269875
HOTEL ALBARAKA KARIM TOURISM HOSPITALITY COMPANY,فندق شركة البركة كريم للضيافة السياحي,Madinah,10009519,1-Star,Active,235926
Company Diyar wahat alnazzil Hotel,شركة ديار واحة النزيل للخدمات الفندقيه,Madinah,10008963,1-Star,Active,239155
ALSHAHBA,الشهباء,Madinah,10009098,1-Star,Active,235833
Muna Alsalaam,المنى السلام,Madinah,10008959,1-Star,Active,235892
AJENHA ALFIA ALMADINAH,أجنحة ألفيه المدينة,Madinah,10008347,1-Star,Active,235872
ZAHA ALMADINA HOTEL,فندق زها المدينة,Madinah,10008033,1-Star,Active,235795
PROVINCE ALSHAM HOTEL,فندق الشام الاقليمية,Madinah,10008032,1-Star,Active,230422
ASTONEAST TAIBA HOTEL,فندق اسنونيست طيبة,Madinah,10008030,1-Star,Active,244175
Al Mokhtara Tower Hotel,شركة فندق برج المختاره الفندقية,Madinah,10010297,1-Star,Active,224932
Shaza Al Hijra Hotel Establishment for Tourism Hos,مؤسسة فندق شذا الهجرة للضيافة السياحي,Madinah,10010580,Unclassified/Other,Active,221993
HELLA TAYBA hotel,فندق هلا طيبة الفندقية,Madinah,10010290,1-Star,Active,287977
Lujain Al Dhahabi Company Ltd.,شركة لجين الذهبي المحدودة,Madinah,10011175,1-Star,Active,289936
alsafa albaraka Company Ltd.,شركة الصفا البركة المحدودة,Madinah,10011192,1-Star,Active,289995
Wisam Al Madinah Company for hotels managemnets,شركة وسام المدينة لتشغيل الفنادق شركة شخص واحد,Madinah,10011186,1-Star,Active,290015
Hotel Zahrat sita,فندق زهرة ستة,Madinah,10009514,1-Star,Active,230693
Hotel Dorra EL Manabar,فندق درة المنابر الفندقية,Madinah,10009379,1-Star,Active,301495
Anwar Albaraka Hotel,فندق انوار البركة الفندقية,Madinah,10009502,1-Star,Active,244215
Diyar Alnoor Motel,نزل ديار النور للضيافة السياحي,Madinah,10009496,Unclassified/Other,Active,232437
Rowdah Almokhtara hotel,فندق روضة المختارة,Madinah,10008858,1-Star,Active,231387
Diyafat Almokhtara hotel,فندق شركة ضيافة المختارة للخدمات الفندقيه,Madinah,10008854,1-Star,Active,234559
Hotel AL-RAYYAN FADI For Hotel Services,فندق الريان الفضي للخدمات الفندقيه,Madinah,10008853,1-Star,Active,227385
Kayan International Hotel,شركة كيان العالمي للخدمات الفندقيه,Madinah,10008851,1-Star,Active,227043
Taibah hills company,شركة طيبة هيلز,Madinah,10008845,1-Star,Active,225066
"""Sedra International Hotel and Hospitality Service",شركة فندق سدرة العالمي للخدمات الفندقيه,Madinah,10010287,1-Star,Active,223391
Funduq Surur Taib Aldhahabiat Alfunduqiafunduq,شركة فندق سرور طيبة الذهبية الفندقية,Madinah,10010559,1-Star,Active,244535
Rahaba Al Bait Hotel Company,شركة رحابة البيت الفندقية,Madinah,10010280,1-Star,Active,254456
Manazel Alsafiyah Hotel,شركة منازل الصافية لتشغيل الفنادق,Madinah,10010275,1-Star,Active,239515
jawharat alkarawan,مؤسسة جوهرة الكروان للشقق المخدومة,Madinah,10010577,Code 27,Active,298255
Marjan Rose Hotel Company One Person,شركة مرجان روز الفندقية شخص واحد,Madinah,10009769,1-Star,Active,239368
DEEM ALMADINAH HOTEL,شركة ديم المدينة الفندقية,Madinah,10009600,1-Star,Active,244635
Zahrat Three Hotel,فندق زهرة ثلاثة,Madinah,10009753,1-Star,Active,228562
Durrat Balensia Hotel,فندق درة بلنسية الفندقية,Madinah,10006704,1-Star,Active,254815
Grand Plaza Badr Al Maqam,جراند بلازا بدر المقام,Madinah,10007247,2-Star,Active,221922
Jawharat Ohod Hotels,شركة جوهرة أحد الفندقية,Madinah,10011064,Unclassified/Other,Active,300755
Manazil Qurban Hotel For Hotel Apartments,فندق منازل قربان للشقق الفندقية,Madinah,10011240,1-Star,Active,290395
Kunuz AlTaqwa Hotel Hotel,فندق كنوز التقوي الفندقية,Madinah,10011238,1-Star,Active,290275
Luluat Saltanah Hostel For Tourist Lodges,نزل لؤلؤة سلطانة للنزل السياحية,Madinah,10011527,Unclassified/Other,Active,291856
Durat Tabah Hotel,درة طابة الفندقية,Madinah,10008841,Unclassified/Other,Active,235917
Durrat AlIman Hotel Company,شركة درة الإيمان الفندقية,Madinah,10008838,1-Star,Active,230873
MERCAN MEDINE Golden  Hotel,فندق مرجان المدينة الذهبي,Madinah,10008837,1-Star,Active,235882
tamkeen hotel company,شركة فندق تمكين الفندقية شركة شخص واحد,Madinah,10008006,1-Star,Active,271661
Wrdt Alrayan Hotel,وردة الريان,Madinah,10008206,1-Star,Active,235783
Gulnar Taiba hotel,فندق جلنار طيبة,Madinah,10008193,1-Star,Active,235898
Saraya Harmony Hotel B,فندق سراياهارموني(ب),Madinah,10008191,1-Star,Active,235753
Kinan Almadina,كنان المدينة,Madinah,10008188,1-Star,Active,235741
Jiwar Almadina Hotel,فندق جوار المدينة الفندقية,Madinah,10007240,1-Star,Active,227663
MANAZIL ALOUROBA FOR FUMISHED,شقق منازل العروبة للشقق المخدومة,Madinah,10007232,2-Star,Active,271575
park plus serviced APARTMENT,شقق بارك بلس للشقق المخدومة,Madinah,10007269,2-Star,Active,259460
nusuk hotel campany,شركة نسك الهجرة للخدمات الفندقيه,Madinah,10006600,2-Star,Active,235773
zaha taiba hotel,فندق زها طيبة الفندقية,Madinah,10006193,1-Star,Active,235808
Emaar Taibah,فندق اعمار طيبة الفندقية,Madinah,10006586,1-Star,Active,235840
The Biltmore Almadinah Hotel,فندق ذا بيلتمور المدينة,Madinah,10007189,Unclassified/Other,Active,235740
Maien Taiba,معين طيبة الفندقية,Madinah,10007188,1-Star,Active,235780
alsahabat Hotel Establishment,فندق السحابات الفندقية,Madinah,10007176,1-Star,Active,271440
AL MANAZEL WADIYAR AL MADINAH HOTEL,فندق المنازل وديار المدينة الفندقية,Madinah,10007174,1-Star,Active,222930
